num_suppressed_records,num_records,max_group_size,avg_group_size,k,l,t,perc_recs,c_avg,bagging_acc,random_forest_acc,boosting_acc,bagging_auc,random_forest_auc,boosting_auc
0,32561,45,2.1573577154972505,1,1,0.7591904425539756,1.0,2.1573577154972505,0.8653031140593329,0.8642589521528161,0.865794484368282,0.7782946516895658,0.7775213010932982,0.7922653335566475"
3336,29225,1936,88.02710843373494,2,2,0.6615875721865877,0.8975461441601916,44.01355421686747,0.8596523555064185,0.853510226644555,0.8641975308641975,0.7558280280547772,0.7400438285323934,0.764281063401764
3336,29225,2126,109.86842105263158,5,2,0.6615875721865877,0.8975461441601916,21.973684210526315,0.8593452490633253,0.8532645414900805,0.8511147963884282,0.7555371865055545,0.7354829826486183,0.7179123642629661
3336,29225,2468,135.93023255813952,10,2,0.6615875721865877,0.8975461441601916,13.593023255813954,0.8596523555064185,0.85418586081936,0.8536944905104109,0.7599586492506744,0.7347391772631098,0.723192990445794
3336,29225,3065,170.906432748538,20,2,0.6615875721865877,0.8975461441601916,8.5453216374269,0.8597137767950371,0.856028499477919,0.8603894109698421,0.7564968099327111,0.7471699640000076,0.7513717508893359
3336,29225,3308,182.65625,25,2,0.6615875721865877,0.8975461441601916,7.30625,0.8583625084454272,0.8570726613844358,0.862600577360113,0.7685428502785467,0.7448004506428749,0.7556927536450072
