num_suppressed_records,num_records,max_group_size,avg_group_size,k,l,t,perc_recs,c_avg,bagging_acc,random_forest_acc,boosting_acc,bagging_auc,random_forest_auc,boosting_auc
0,32561,45,2.1573577154972505,1,1,0.7591904425539756,1.0,2.1573577154972505,0.8653031140593329,0.8642589521528161,0.865794484368282,0.7782946516895658,0.7775213010932982,0.7922653335566475
4571,27990,2292,80.43103448275862,2,2,0.5796151686826928,0.8596173336199748,40.21551724137931,0.8611264664332657,0.8524660647380382,0.8352681039248203,0.7607440751188552,0.7190663525214108,0.788803901975138
4871,27690,2292,113.0204081632653,5,2,0.5811226332353092,0.8504038573753877,22.60408163265306,0.8579939807137154,0.8551686014372581,0.8591609851974694,0.7524076837621153,0.733766192625992,0.7835227425984856
5247,27314,2292,144.5185185185185,10,2,0.5817529472065608,0.838856300482172,14.451851851851853,0.8579939807137154,0.8533259627786991,0.859898040660893,0.751689314858481,0.7193598914041001,0.7698174657987527
5867,26694,2292,185.375,20,2,0.5666108048074254,0.8198151162433586,9.26875,0.8590995639088508,0.8560899207665377,0.8602665683926048,0.7545681851399508,0.7313162610943521,0.7541648083293658
4026,28535,3299,269.1981132075472,25,2,0.5845978622743999,0.8763551487976413,10.767924528301887,0.8583010871568085,0.8551686014372581,0.8606965174129353,0.7460536129527208,0.7303539403337292,0.748878912936976