num_suppressed_records,num_records,max_group_size,avg_group_size,k,l,t,perc_recs,c_avg,bagging_acc,random_forest_acc,boosting_acc,bagging_auc,random_forest_auc,boosting_auc
0,32561,45,2.1573577154972505,1,1,0.7591904425539756,1.0,2.1573577154972505,0.8653031140593329,0.8642589521528161,0.865794484368282,0.7782946516895658,0.7775213010932982,0.7922653335566475
3089,29472,2092,101.97923875432527,2,2,0.6930597564758803,0.905131906268235,50.98961937716263,0.848965051286776,0.8539401756648854,0.8295559240832873,0.7081540077043371,0.7297293508145634,0.6437253750704913
3089,29472,2216,154.30366492146598,5,2,0.6930597564758803,0.905131906268235,30.860732984293193,0.8366193722744303,0.8498249493274369,0.8594680916405626,0.667565788276887,0.7142842939290551,0.7460992167069072
3089,29472,2216,204.66666666666666,10,2,0.6930597564758803,0.905131906268235,20.466666666666665,0.8503777409250046,0.8517904305632332,0.8586696148885203,0.7143767873754757,0.7216771204020659,0.7423438385062543
3089,29472,2590,278.0377358490566,20,2,0.6644883279044517,0.905131906268235,13.90188679245283,0.8504391622136233,0.8520361157177078,0.8616178367422148,0.715225161479318,0.7260583740599322,0.7516371559566846
3089,29472,2789,303.83505154639175,25,2,0.6431768524946155,0.905131906268235,12.15340206185567,0.8533873840673177,0.8474909403599288,0.8567655549413427,0.7259552167370168,0.7052134751252536,0.7463953274656921
